{
  "controller/Main-dbg.controller.js": 1745507788547,
  "xs-app.json": 1745508689047,
  "controller/Main.controller.js": 1745507788547,
  "controller/App.controller.js": 1745503460495,
  "model/models.js": 1745491144933,
  "manifest.json": 1745508700107,
  "Component.js": 1745491144753,
  "i18n/i18n.properties": 1745491144917,
  "controller/Main.controller.js.map": 1745508700292,
  "controller/App-dbg.controller.js": 1745503460495,
  "controller/App.controller.js.map": 1745508700280,
  "model/models-dbg.js": 1745491144933,
  "model/models.js.map": 1745508700292,
  "Component-dbg.js": 1745491144753,
  "Component.js.map": 1745508700338,
  "Component-preload.js": 1745508700417,
  "Component-preload.js.map": 1745508700417,
  "view/Main.view.xml": 1745507548934,
  "view/App.view.xml": 1745503076438,
  "css/style.css": 1745491144953,
  "index.html": 1745491144753
}